{"flutter":{"platforms":{"android":{"default":{"projectId":"mcproject-680fd","appId":"1:1077109706182:android:c7bc601b52787ec58c36c7","fileOutput":"android/app/google-services.json"}},"dart":{"lib/firebase_options.dart":{"projectId":"mcproject-680fd","configurations":{"android":"1:1077109706182:android:c7bc601b52787ec58c36c7","ios":"1:1077109706182:ios:a11f6fe1d574ea588c36c7","macos":"1:1077109706182:ios:a11f6fe1d574ea588c36c7","web":"1:1077109706182:web:d020e74497129faf8c36c7","windows":"1:1077109706182:web:c7b12b4c48ab0fbf8c36c7"}}}}}}